EmployeeNumber,EmployeeFirstName,EmployeeMiddleName,EmployeeLastName,EmployeeGovernmentID,DateOfBirth,Department
123,Jane,,Zwilling,AB123456G,1/1/1985,Commercial
124,Carolyn,Andrea,Zimmerman,AB234578H,6/1/1975,Litigation
125,Jane,,Zabokritski,UV162433K,6/4/1984,HR
126,Ken,J,Yukish,UF906924R,5/9/1994,HR
127,Terri,Lee,Yu,QT429913B,10/26/1993,HR
128,Roberto,,Young,AH228478E,9/8/1977,HR
129,Rob,,Yalovsky,RP812302J,11/20/1969,Litigation
130,Gail,A,Wu,QJ433789X,11/13/1976,Litigation
131,Jossef,H,Wright,ZN229281L,8/7/1989,Litigation
132,Dylan,A,Word,IB827259T,3/26/1993,Customer Relations
133,Diane,L,Wood,CF452950R,7/1/1975,Litigation
134,Gigi,N,Wilson,LF951469U,12/12/1977,HR
135,Michael,,Williams,AA675484X,5/18/1967,Customer Relations
136,Ovidiu,V,Welcker,LH943951T,6/2/1988,Customer Relations
137,Thierry,B,Wedge,TZ359953M,9/24/1968,Commercial
138,Janice,M,Watters,HN708910A,3/8/1988,Customer Relations
139,Michael,I,Wang,CM046222X,4/25/1979,Litigation
140,Sharon,B,Walton,RC811680U,2/5/1983,Commercial
141,David,M,Walters,WT099191J,8/18/1986,HR
142,Kevin,F,Vong,XL241802V,4/10/1973,Commercial
143,John,L,Varkey Chudukatil,AK101685C,9/16/1988,HR
144,Mary,A,Vargas,PN617935D,11/1/1987,HR
145,Wanida,M,Vanderhyde,GG269687O,5/4/1990,Litigation
146,Terry,J,Vande Velde,CA207215R,1/26/1972,Commercial
147,Sariya,E,Valdez,DA211521C,6/28/1987,Customer Relations
148,Mary,E,Valdez,KU948363T,9/30/1975,Commercial
149,Jill,A,Uddin,MC327980Y,4/13/1984,HR
150,James,R,Turner,XZ623297G,1/12/1981,Customer Relations
151,Peter,J,Tsoflias,HD787421H,6/1/1983,Litigation
152,Jo,A,Trenary,PV902478U,10/30/1978,HR
153,Guy,R,Tomic,YC866133P,11/13/1985,Commercial
154,Mark,K,Ting,RV196958G,6/11/1967,HR
155,Britta,L,Tiedt,BM451180T,3/26/1972,Commercial
156,Margie,W,Tibbott,PR945375K,4/8/1985,Commercial
157,Rebecca,A,Tejani,YQ039295Z,8/19/1975,Customer Relations
158,Annik,O,Tamburello,CX373849E,1/18/1974,HR
159,Suchitra,O,Sunkammurali,KV834059Q,12/16/1979,Customer Relations
160,Brandon,G,Sullivan,JG072992Y,11/14/1981,Commercial
161,Jose,R,Su,BK233254D,4/9/1981,Commercial
162,Chris,O,Steele,AA559027D,7/3/1966,Commercial
163,Kim,B,Stahl,DL788461B,3/1/1984,Customer Relations
164,Ed,R,Stadick,WI041290F,11/29/1967,HR
165,JoLynn,M,Spoon,AI240530H,2/2/1970,Litigation
166,Bryan,,Sousa,XD997414B,2/1/1978,HR
167,James,D,Song,XO454393E,1/7/1972,Litigation
168,Nancy,A,Smith,NI259679W,8/25/1992,Litigation
169,Simon,D,Smith,OB192242U,2/6/1983,HR
170,Thomas,R,Smith,KC517093Y,3/8/1979,Litigation
171,Eugene,O,Smith,KN299873X,9/28/1969,HR
172,Andrew,R,Smith,TO906390Q,1/21/1984,Customer Relations
173,Ruth,Ann,Smith,UT470278T,2/12/1992,Customer Relations
174,Barry,K,Singh,JQ090823V,3/10/1977,Commercial
175,Sidney,M,Simon,YX814887S,1/6/1982,Customer Relations
176,Jeffrey,L,Shoop,CZ086518D,2/22/1987,Commercial
177,Doris,M,Sheperdigian,FH713351E,4/6/1990,HR
178,Diane,R,Sharma,CB710747Y,4/21/1974,Litigation
179,Bonnie,N,Shabalin,KO956654S,5/18/1993,Customer Relations
180,Taylor,R,Selikoff,WE187411O,10/27/1984,Customer Relations
181,Denise,H,Seamans,RR677853O,7/23/1967,HR
182,Frank,T,Scardelis,LS766951V,7/5/1984,HR
183,Kendall,C,Saraiva,SE083054I,9/24/1982,HR
184,Bob,N,Sandberg,GS427698X,1/11/1969,Customer Relations
185,Pete,C,Sánchez,MJ598895W,1/18/1986,Commercial
186,Diane,H,Samarawickrama,QM784341R,4/5/1985,Litigation
187,John,T,Samant,LJ126049L,12/29/1980,Commercial
188,Maciej,W,Sam,QF985930F,3/29/1968,HR
189,Michael,J,Salmre,XA213326G,10/24/1989,Customer Relations
190,Randy,T,Salavaria,RR026940K,8/15/1992,Commercial
191,Karan,R,Sacksteder,RY079355Q,12/17/1979,Customer Relations
192,Jay,G,Ruth,RL608243S,5/3/1971,HR
193,Charles,B,Rounthwaite,JO812631R,2/16/1978,Customer Relations
194,Steve,F,Rothkugel,ZK944240E,9/18/1983,Litigation
195,David,J,Rodman,EJ404196Z,6/17/1976,Commercial
196,Michael,Sean,Rodgers,VA071612I,5/17/1994,HR
197,Steven,T,Rockne,TE982204H,7/25/1992,Customer Relations
198,Carole,M,Robinson,QR276945I,1/14/1977,HR
199,Bjorn,M,Robinson,IP045169K,7/31/1986,HR
200,Michiko,F,Robinett,HB655933W,7/10/1990,Litigation
201,Carol,M,Roberts,ZJ929402F,9/24/1973,HR
202,Merav,A,Rizzi,HV076717S,4/28/1980,Litigation
203,Reuben,H,Richter,PT143576X,1/27/1990,HR
204,Eric,L,Richmeier,KU114521Q,8/28/1980,Litigation
205,Sandeep,P,Richins,PH820522S,2/2/1979,Commercial
206,Mihail,U,Richins,DG836460F,7/29/1977,Commercial
207,Jack,T,Richards,QQ219021F,3/22/1969,Customer Relations
208,Patrick,M,Richards,MK753770K,1/5/1980,Customer Relations
209,Frank,R,Rhodes,LV202389X,4/21/1991,Commercial
210,Brian,Richard,Rhodes,YJ859715T,7/14/1973,Customer Relations
211,Ryan,L,Reynolds,XG831713G,2/3/1990,Customer Relations
212,Cristian,K,Rettig,XB653825M,1/18/1975,HR
213,Betsy,A,Remmington,DX587871C,1/1/1989,Customer Relations
214,Patrick,C,Remick,IE452366I,5/5/1974,Commercial
215,Danielle,C,Reiter,LC296086M,3/2/1994,Commercial
216,Kimberly,B,Reeves,GF141474R,7/19/1986,Commercial
217,Tom,M,Reeves,BU682866B,2/9/1970,Customer Relations
218,Kok-Ho,T,Reed,XP887793J,4/26/1973,Litigation
219,Russell,,Reed,PA390418Z,9/2/1990,HR
220,Jim,H,Reding,KC763833W,5/2/1994,HR
221,Elizabeth,I,Rector,BA419917K,9/1/1989,Commercial
222,Mandar,H,Reátegui Alayo,NN664434F,4/23/1991,Customer Relations
223,Sameer,A,Reams,WW323047A,7/22/1971,Commercial
224,Nuan,,Ray,YY247099F,11/25/1983,Commercial
225,Lolan,B,Ray,BU739914K,12/26/1984,HR
226,Houman,N,Rapier,IP466248X,12/26/1978,Commercial
227,Zheng,W,Rapier,OG309294Y,5/14/1977,Litigation
228,Ebru,N,Rao,LE694001I,12/7/1966,Customer Relations
229,Mary,R,Rao,ZG929284V,8/30/1980,Litigation
230,Kevin,M,Randall,LI450862B,6/15/1982,HR
231,John,T,Randall,UY375663B,10/14/1974,Customer Relations
232,Christopher,E,Randall,QE608676Y,9/17/1977,Commercial
233,Jinghao,K,Ramos,DY242872X,6/27/1982,Litigation
234,Alice,O,Ralls,JG317372U,1/7/1981,HR
235,Jun,T,Ralls,HG070352D,11/10/1983,HR
236,Suroor,R,Raheem,NY244108H,6/16/1970,Commercial
237,John,P,Quintana,NH340279A,9/24/1987,Customer Relations
238,Linda,K,Quintana,UB203519Y,12/28/1982,Customer Relations
239,Mindaugas,J,Purcell,HX969457Q,12/18/1992,Commercial
240,Angela,W,Pugh,UU740982U,6/21/1981,Litigation
241,Michael,W,Price,AP767952W,10/29/1982,HR
242,Chad,W,Preston,AN963033U,4/17/1990,Commercial
243,Don,L,Preston,HU122854Y,3/23/1990,Litigation
244,Michael,T,Pournasseh,WX043612Y,11/28/1985,Customer Relations
245,Kitti,H,Potts,NX337034F,2/17/1978,Customer Relations
246,Pilar,G,Posner,DM562770F,3/27/1990,Commercial
247,Susan,W,Porter,GU168496I,7/3/1986,HR
248,Vamsi,N,Porter,NJ913364N,4/3/1983,Commercial
249,Kim,T,Poorbaugh,EV684801P,11/26/1977,Customer Relations
250,Matthias,T,Pompa,RI784386Z,12/22/1967,Commercial
251,Jimmy,T,Pollock,NB795938X,8/7/1990,Customer Relations
252,David,P,Poland,RP740047H,10/25/1985,Customer Relations
253,Paul,B,Poland,EP217826V,2/3/1977,Commercial
254,Gary,W,Pogulsky,YK257651Z,6/27/1979,Litigation
255,Rob,T,Poe,NY561698A,6/30/1992,Litigation
256,Baris,F,Poe,ZG326233B,12/17/1972,Customer Relations
257,Nicole,B,Pinto,WL495918H,4/17/1988,Customer Relations
258,Michael,L,Pinkston,PD499767G,11/17/1978,Litigation
259,Eric,,Philips,GQ984706E,12/11/1991,Customer Relations
260,Ivo,William,Philips,EX734875L,3/3/1983,HR
261,Sylvester,A,Pettengill,JS909305U,3/4/1975,Commercial
262,Anibal,T,Peterson,MM757188I,6/26/1980,HR
263,Samantha,H,Peters,KU678838E,4/28/1988,HR
264,Hung-Fu,T,Petculescu,HG009556Q,3/1/1966,Litigation
265,Prasanna,E,Perko,PA578722P,9/29/1974,Customer Relations
266,Min,G,Perera,RK829960M,2/24/1991,Litigation
267,Olinda,C,Peoples,YF198562M,3/8/1974,Commercial
268,Krishna,,Peoples,JC305473Y,11/3/1968,Litigation
269,Paul,R,Penuchot,IN993409N,7/19/1969,Customer Relations
270,Cynthia,S,Penuchot,RP884620G,11/18/1984,HR
271,Jian Shuo,,Penor,NQ087058L,7/18/1972,Commercial
272,Sandra,,Pellow,EJ694753G,4/30/1982,Commercial
273,Jason,M,Pellow,XN480955F,5/21/1993,Litigation
274,Andy,M,Pederson,XK527296T,1/26/1970,Customer Relations
275,Michael,T,Patten,YR195304Y,6/25/1969,Litigation
276,Rostislav,E,Patten,BM555969V,9/27/1985,Customer Relations
277,Yuhong,L,Pather,VN667982T,3/19/1972,Customer Relations
278,Hanying,P,Patel,FI585303P,11/20/1980,HR
279,Raymond,K,Patel,CY394434D,9/2/1987,Commercial
280,Fadi,K,Park,JV372318Z,5/25/1992,Customer Relations
281,Lane,M,Pak,LU570439B,11/27/1966,Commercial
282,Linda,A,Pai,MG523882M,2/19/1984,Customer Relations
283,Shelley,N,Oviatt,DJ776282X,2/11/1980,Litigation
284,Terrence,W,Oveson,RJ688840X,8/3/1987,HR
285,Jeff,V,Osorio,LI846282L,1/19/1986,Commercial
286,Kirk,J,Osborn,FZ970381T,12/30/1988,HR
287,Laura,C,Osada,TY607737K,11/23/1989,Customer Relations
288,Alex,M,Osada,AB337200N,7/27/1982,Customer Relations
289,Andrew,M,Ortiz,UN680386B,12/5/1968,Customer Relations
290,Chris,T,Ortiz,MN300867Z,7/27/1971,HR
291,Jack,S,Ortiz,YA290891R,12/15/1987,Commercial
292,David,N,Ortiz,XI117643X,12/31/1980,HR
293,Garrett,R,Orona,YU880635E,7/30/1979,Litigation
294,Susan,A,Orman,WI637091W,11/17/1973,Commercial
295,George,Z,Olivotto,TV294391Y,8/5/1981,Customer Relations
296,David,A,Olguin,TQ964290U,4/11/1977,HR
297,Marc,J,Okelberry,GV024603M,9/28/1967,Customer Relations
298,Eugene,R,O'Hara,MN201090A,4/8/1977,Litigation
299,Benjamin,R,Ogisu,FL792137D,3/21/1982,Commercial
300,Reed,T,O'Dell,UI094873C,8/25/1977,HR
301,David,Oliver,O'Connell,PG246161Y,2/16/1994,HR
302,Russell,M,O'Brien,AW268513P,3/21/1976,HR
303,John,N,Nusbaum,OE374595P,2/17/1980,Litigation
304,Jan,S,Northup,VX014547M,6/19/1989,Commercial
305,Katie,L,Northup,QP088040C,9/6/1989,Commercial
306,Michael,T,Norred,WO582095B,5/21/1968,Commercial
307,Nitin,S,Norman,VV014496N,7/25/1967,Litigation
308,Barbara,S,Norman,UY840651E,8/8/1986,Customer Relations
309,John,Y,Nixon,RN380174L,4/24/1989,Customer Relations
310,Stefen,A,Niswonger,XS111161P,10/24/1970,Customer Relations
311,Shane,S,Nilson,SO808235H,2/12/1970,Litigation
312,Yvonne,S,Newman,VP162490H,11/11/1978,Commercial
313,Douglas,B,Netz,YF772588G,11/11/1981,HR
314,Janeth,M,Netz,EP689445T,8/27/1974,Commercial
315,Robert,J,Nelson,YK746077G,1/16/1978,Commercial
316,Lionel,C,Nelsen,EK534305U,6/19/1983,HR
317,Brenda,M,Nayberg,QB165166J,10/14/1972,HR
318,Alejandro,E,Nayberg,BL617594N,3/2/1985,HR
319,Fred,T,Nay,ZD862146K,11/10/1990,HR
320,Kevin,H,Nay,PW312659M,10/10/1970,HR
321,Shammi,G,Nash,HG173245Y,12/14/1988,Litigation
322,Rajesh,M,Nartker,JW754091I,11/30/1967,Commercial
323,Lorraine,O,Naik,MG297257I,4/17/1967,Litigation
324,Paula,R,Myer,FH619046B,2/24/1979,Customer Relations
325,Frank,T,Myer,QS844609E,7/1/1977,HR
326,Brian,T,Myer,WV757212X,11/11/1987,Commercial
327,Tawana,G,Murray,HC563252G,5/2/1972,Commercial
328,Ken,L,Munson,UY164147C,3/22/1992,HR
329,Gabe,B,Munson,SF522293J,3/16/1990,Commercial
330,Lori,A,Mungin,SU540955F,6/7/1981,HR
331,Stuart,V,Mughal,AP868170D,10/18/1985,Litigation
332,Greg,F,Mu,KN473667R,9/8/1993,Customer Relations
333,Scott,R,Mu,ED752106P,11/25/1975,Litigation
334,Kathie,E,Moya,VO952690H,5/6/1987,Customer Relations
335,Belinda,M,Moseley,XV331972T,8/7/1984,HR
336,Hazem,E,Moschell,MF505179T,12/21/1981,Customer Relations
337,Peng,J,Morris,SN558453H,8/1/1970,HR
338,Sootha,T,Moreland,KH777453N,1/11/1983,Litigation
339,Andreas,T,Moreland,TI659697I,6/19/1968,Customer Relations
340,Mark,L,Moore,ZW645893N,8/26/1984,HR
341,Sean,P,Montera,FQ481197G,3/10/1992,Customer Relations
342,Zainal,T,Monroe,QM830227F,10/14/1970,HR
343,Tengiz,N,Monitor,CU932683B,11/10/1967,Customer Relations
344,Sean,N,Mohan,SF597677E,7/10/1975,Litigation
345,Karen,R,Mohan,CZ781627U,12/21/1978,Litigation
346,Chris,K,Mohamed,IL953173V,5/11/1982,Litigation
347,A. Scott,,Mohamed,KJ996609X,7/8/1970,HR
348,Sairaj,L,Moeller,BE576194L,5/1/1967,Commercial
349,William,S,Moberly,IC896384A,9/5/1989,Commercial
350,Alan,J,Mitzner,YT454130S,3/20/1977,Customer Relations
351,Brian,P,Mitosinka,IO017297K,9/2/1988,HR
352,Gary,E.,Mitchell,NH381897B,7/18/1994,Customer Relations
353,Christian,E,Mitchell,XD833194I,6/6/1968,Litigation
354,Lori,K,Mitchell,QN750853Q,11/21/1984,Litigation
355,Stuart,J,Mitchell,YH159582E,10/11/1980,Litigation
356,Jo,L,Mirchandani,IQ741230T,4/19/1976,Commercial
357,Pat,H,Miller,FI863272F,8/8/1992,Customer Relations
358,Magnus,E,Miller,MV939815R,1/10/1978,HR
359,Laura,F,Miller,OJ444316N,7/31/1991,HR
360,Paula,M,Miller,IC346248I,7/12/1972,Customer Relations
361,Grant,N,Miller,KC398344C,9/8/1974,Customer Relations
362,Hao,O,Miller,UV506794X,6/7/1992,Litigation
363,Vidur,X,Miller,UN056449T,12/18/1971,HR
364,Mindy,C,Miller,LY678820G,10/25/1988,Commercial
365,Willis,T,Miller,FJ699096G,5/16/1987,Customer Relations
366,David,J,Miksovsky,HL300106J,10/5/1980,Commercial
367,Deborah,E,Miksovsky,QF557926S,6/19/1992,Commercial
368,Candy,L,Michaels,XG982015B,4/3/1977,Commercial
369,Bryan,A,Michaels,ZV126206X,5/21/1992,Customer Relations
370,Barbara,C,Meyyappan,NG870930U,1/23/1982,Commercial
371,Dragan,K,Meyyappan,WJ545396A,4/27/1966,HR
372,Janet,L,Meyerhoff,EL441813N,10/21/1973,Commercial
373,Mike,K,Meyer,PS865352M,2/18/1989,Customer Relations
374,Wendy,Beth,Meyer,ZK567938U,5/19/1976,Litigation
375,Sheela,H,Meyer,BL528621S,8/29/1993,Commercial
376,Mikael,Q,Mew,SR745416M,5/31/1977,Commercial
377,Arvind,B,Metters,VU635164Y,12/26/1968,HR
378,Linda,P,Metters,GC161901R,7/25/1983,Litigation
379,Fukiko,J,Meston,HP265184O,9/11/1974,HR
380,Gordon,L,Mensa-Annan,VJ463539S,5/3/1971,Litigation
381,Frank,S,Mendoza,RB637031E,12/11/1965,HR
382,Eric,S,Mendiola,MF656494S,10/26/1976,Litigation
383,Erin,M,Mello,AP407134O,3/28/1973,Commercial
384,Ben,T,Meisner,WP870558T,1/1/1979,Litigation
385,Annette,L,Medina,ZL879334W,12/16/1980,Customer Relations
386,Reinout,N,McPhearson,TT928073M,6/27/1982,Litigation
387,David,M,McLin,UT781985S,3/13/1973,Litigation
388,Jean,E,McKay,CH428020L,1/11/1980,Customer Relations
389,Stephanie,A,McKay,RZ991397R,3/1/1973,HR
390,Ashvini,R,McGuigan,AF754224B,12/2/1986,Commercial
391,Peter,I,McGuel,NU708468Z,5/16/1990,HR
392,Karen,A,McGuel,MS541749T,3/14/1970,HR
393,Ramesh,V,McDonald,ZY518325O,5/21/1982,HR
394,Dan,K,McCoy,CR009093X,3/7/1967,Commercial
395,François,P,McCormick,QX069736X,12/24/1986,HR
396,Dan,B,McClane,JM294670T,4/9/1980,HR
397,Janaina,Barreiro Gambaro,McCarty,GN269789G,4/4/1986,Commercial
398,Brian,S,McCarthy,LD666817B,9/19/1986,Litigation
399,Stephen,Y,McAskill-White,NI227284F,5/23/1980,HR
400,Michael,G,McAskill-White,FW377665X,3/31/1991,Customer Relations
401,Linda,C,McArthur,ZM341559U,9/1/1991,Litigation
402,Jillian,,Mcanich,NY538862D,3/20/1968,Customer Relations
403,Garrett,R,Mays,QP621252W,7/1/1967,Commercial
404,Tsvi,Michael,Maynard,CG492912O,5/22/1984,HR
405,Pamela,O,Maxwell,GU156175W,12/20/1991,HR
406,Shu,K,Maxwell,YM763997I,10/1/1981,Litigation
407,José,Edvaldo,Maxham,RI458597X,9/8/1972,Commercial
408,David,R,Matthews,WP764759S,11/5/1975,Litigation
409,Tete,A,Matthew,NL189276A,7/11/1972,Commercial
410,Syed,E,Masters,SV377736C,6/1/1970,Customer Relations
411,Lynn,N,Masters,CT541995B,8/1/1992,HR
412,Amy,E,Martinez,SZ475865M,8/15/1971,HR
413,Rachel,B,Martinez,DN316903U,8/6/1975,Litigation
414,Jae,B,Martin,RC798386H,7/10/1977,Customer Relations
415,Ranjit,R,Martin,DZ478449I,5/16/1994,Customer Relations
416,Gustavo,,Martin,TV302537Y,11/16/1985,Commercial
417,Catherine,R.,Martin,KA131126M,9/4/1991,Commercial
418,Kim,,Martin,HI965903J,5/1/1968,Litigation
419,Humberto,,Mart¡nez,KS253556S,3/6/1968,Customer Relations
420,Pilar,,Marshall,BP322520W,10/30/1966,Customer Relations
421,Frances,B.,Marple,IF156185H,7/10/1975,Litigation
422,Margaret,J.,Markwood,QR043335L,2/10/1975,Commercial
423,Carla,J.,Margheim,FR909625F,8/13/1968,Litigation
424,Jay,,Mares,RJ227900C,11/15/1992,Commercial
425,Ronald,L.,Marcovecchio,JQ226148Q,2/26/1966,Litigation
426,Samuel,N.,Manzanares,MG127491T,12/20/1965,Litigation
427,James,T.,Manek,RK058563Z,4/12/1990,Commercial
428,Robert,E.,Manchepalli,VZ618490Z,6/27/1994,Litigation
429,François,,Malmendier,AB466628Q,9/15/1985,Commercial
430,Kim,,Male,SL714837F,3/3/1976,HR
431,Lili,J.,Magenheimer,VI964444L,7/1/1975,Customer Relations
432,Amy,E.,Macrae,PL633642O,2/11/1983,Litigation
433,Anna,A.,MacDonald,SK450533J,3/22/1980,HR
434,Milton,J.,Maccietto,TD539342U,2/1/1977,HR
435,Paul,L.,Lysaker,CR804293M,12/20/1987,Commercial
436,Gregory,F.,Lyon,JD867589T,1/7/1975,Customer Relations
437,J. Phillip,L.,Lynn,JF414179L,1/9/1966,Commercial
438,Michelle,,Lyeba,AS962502R,2/12/1980,Customer Relations
439,Sean,P.,Luthra,NE994688D,9/4/1991,Litigation
440,Phyllis,A.,Lutes,ZA054780Z,6/24/1983,Litigation
441,Marvin,N.,Lunt,AB793877Z,6/7/1992,Litigation
442,Michael,,Lundahl,XE612144B,2/8/1972,Litigation
443,Cecil,J.,Lum,DA914468R,10/31/1972,Litigation
444,Oscar,L.,Lugo,PU962273F,11/20/1979,HR
445,Sandra,J.,Lugo,TD238009P,6/27/1980,Customer Relations
446,Selena,R.,Lucerne,JL142870M,2/10/1981,Litigation
447,Emilio,R.,Low,MH960130Q,12/21/1972,Customer Relations
448,Maxwell,J.,Los,XB647011X,9/9/1979,HR
449,Mae,N.,Looney,WB708214S,12/26/1986,Customer Relations
450,Ramona,J.,Long,MZ245315G,10/14/1984,Customer Relations
451,Sabria,B.,Loh,LM432687I,9/7/1969,Customer Relations
452,Hannah,R.,Loh,NA286850Z,3/26/1978,HR
453,Kyley,J.,Logan,NO744514X,2/3/1990,Commercial
454,Tom,H,Lloyd,VA213758G,1/6/1993,Customer Relations
455,Thomas,B.,Liu,GM067712Z,12/14/1967,Customer Relations
456,John,,Liu,ZW691855D,8/25/1975,Litigation
457,Chris,,Liu,XC595289L,5/31/1984,Commercial
458,Teresa,,Liu,CC454147K,7/16/1991,HR
459,John,P.,Liu,IQ312706F,10/13/1967,HR
460,Robert,A.,Liu,SV642415T,12/6/1965,HR
461,Stephen,M.,Liu,TW348470J,7/18/1989,Customer Relations
462,Phillip,M.,Lisboa,ZU637956O,3/12/1987,Customer Relations
463,Daniel,,Lique,VC743578C,1/14/1971,Litigation
464,Cory,K.,Li,GC263684F,9/22/1979,Customer Relations
465,James,B.,Li,OO305079B,8/4/1993,Customer Relations
466,Douglas,A.,Li,MW588271M,4/15/1966,Litigation
467,Jennifer,B.,Li,ZF874960D,10/20/1970,HR
468,Alberto,F.,Li,GA383877F,12/15/1980,Customer Relations
469,Wayne,N.,Li,KK853703L,6/13/1985,Customer Relations
470,Darrell,M.,Lewin,QL094445N,5/15/1990,HR
471,Angela,,Lew,QP945031V,10/20/1992,Customer Relations
472,David,,Levy,RK559639O,9/25/1971,HR
473,Robert,L.,Leste,KY459217P,2/15/1993,Litigation
474,Rebecca,R.,Lesko,WS121901H,6/26/1984,HR
475,Brenda,L.,Lertpiriyasuwat,ET688047J,4/27/1977,Customer Relations
476,Josh,,Lepro,YC506635I,7/21/1988,Customer Relations
477,Adam,,Leonetti,UY454356Q,11/8/1986,Customer Relations
478,Norma,N.,Lengel,ND079927K,6/9/1988,HR
479,Gytis,M,Lenehan,KV499035H,11/16/1992,Commercial
480,David,M.,Lee,TZ074308Y,6/6/1972,Litigation
481,Karel,E.,Lee,QK337220O,1/25/1986,Litigation
482,Ciro,J.,Lee,SA361791W,8/8/1990,Litigation
483,Glenna,L.,Lee,WY935567B,6/12/1989,Commercial
484,Shaun,,Lee,MV956851T,9/3/1977,Customer Relations
485,John,A.,Lee,JB758289J,12/6/1974,HR
486,Christopher,R.,Leavitt,AB408704N,9/14/1981,Customer Relations
487,Bradley,,Lawrence,JO816678V,1/12/1982,Customer Relations
488,Benjamin,J.,Lawrence,IK258478H,8/19/1972,Litigation
489,Ann,,Laursen,FR603321B,4/20/1975,Litigation
490,Shane,J.,Laszlo,BM761200J,2/27/1978,HR
491,Stanley,A.,Laszlo,BP735879U,9/26/1991,Commercial
492,Mason,,Lang,WE597356V,8/18/1989,Litigation
493,John,M.,LaMee,MI313761M,10/31/1983,Litigation
494,Ido,,Kurtz,NJ403156Q,4/18/1978,Commercial
495,Edna,J.,Kurniawan,SU652265A,12/19/1982,Customer Relations
496,Payton,P.,Kurjan,QI120925T,8/25/1973,Commercial
497,Max,,Kuppa,WY404602C,3/28/1987,Commercial
498,Scot,A.,Kuppa,OS633662D,3/5/1977,Litigation
499,Richard,M.,Kung,WO256017P,6/25/1969,HR
500,Marian,M.,Kumar,KC907403Z,6/8/1980,Customer Relations
501,Karen,,Krupka,HK510611Z,6/1/1987,Litigation
502,Alexander,J.,Krow,VG684595Y,5/9/1988,Customer Relations
503,John,M.,Krebs,CP540350S,5/20/1977,HR
504,Kris,R.,Krapauskas,JZ266660O,3/19/1971,Litigation
505,Andreas,,Krane,CM015612F,8/27/1989,Litigation
506,Robert,M.,Krane,LF097551Z,11/10/1980,Commercial
507,Matthias,,Krane,ZX862249F,3/28/1993,Litigation
508,John,,Kramer,JF808635O,4/12/1976,Commercial
509,Steven,B.,Kramer,EG067469I,1/31/1983,Customer Relations
510,Chris,N.,Kozlowski,YL689069R,8/26/1983,HR
511,Mary,B.,Kotc,NK258653M,12/28/1986,Commercial
512,Jimmy,,Koski,NL170027U,9/17/1971,HR
513,Mary,,Konersmann,FL905422F,5/25/1966,Customer Relations
514,Mae,M.,Komosinski,KB213594O,1/10/1975,HR
515,Jackie,E.,Kogan,NW143929S,4/26/1994,Customer Relations
516,Donald,L.,Kogan,RA099517I,10/31/1968,Customer Relations
517,Linda,E.,Koenigsbauer,YO422915D,10/24/1966,Commercial
518,Michael,Greg,Koch,EW714650M,5/19/1977,Commercial
519,Gabriel,L.,Koch,YT842122G,12/30/1989,Customer Relations
520,Michael,L.,Kobylinski,YL981289L,4/23/1966,Customer Relations
521,Corinna,,Kleinerman,LV315099O,4/29/1988,Customer Relations
522,Luis,,Kleinerman,IK785439G,7/2/1988,Litigation
523,Randall,,Kitt,VE071533R,3/21/1977,Litigation
524,Stephanie,,Kirilov,OW959289N,8/3/1987,Litigation
525,Eli,,King,VU643955D,5/10/1972,Customer Relations
526,Lester,J.,King,VY635882I,5/18/1969,Litigation
527,David,M.,King,OF489247E,9/1/1991,Commercial
528,Cornelius,L.,Kim,SP395815P,3/13/1986,Litigation
529,Richard,,Kim,WH405382R,2/26/1974,Litigation
530,Sara,N.,Kim,SG191035M,5/4/1986,Litigation
531,Ted,,Kim,KM897184Y,4/21/1980,Commercial
532,Alan,,Kim,PN536808P,6/21/1974,HR
533,Walter,J.,Kharatishvili,IK549025L,2/23/1993,Customer Relations
534,Christopher,M.,Khanna,XU494344O,11/14/1990,Litigation
535,Carol,J.,Khanna,RA559887U,7/12/1991,Commercial
536,David,J.,Khan,MW393017L,1/5/1987,Commercial
537,John,R.,Khan,PB567086E,5/26/1967,Litigation
538,Willie,P.,Keyser,ER120214L,3/13/1982,HR
539,Carolee,J.,Keyser,PF921197B,1/2/1979,Litigation
540,Jo,,Kesterson,PS707032E,6/5/1978,Litigation
541,Robert,,Kesslep,HT454105B,7/31/1980,Customer Relations
542,Kevin,F.,Kennedy,XT550886S,8/16/1978,HR
543,Mary,K.,Kennedy,ZV559146S,7/14/1973,HR
544,Dave,P.,Kennedy,NB001869O,7/18/1974,Customer Relations
545,Bridget,E.,Kelly,AS368277A,5/15/1977,HR
546,Eric,J.,Kelly,QT770185I,6/16/1973,HR
547,Dick,R.,Kelley,PJ288008H,11/3/1977,Customer Relations
548,Michael,,Keil,ME889600F,3/3/1973,Commercial
549,Shirley,R.,Keil,VD309178I,1/8/1967,Commercial
550,June,B.,Kearney,GJ958159Z,10/31/1969,Litigation
551,Dirk,J.,Kearney,GX314828Y,7/8/1987,Customer Relations
552,Nancy,,Katyal,NI476216G,12/27/1981,HR
553,Janaina Barreiro Gambaro,,Kane,MP973124F,4/20/1981,Commercial
554,Edward,T.,Kane,LW666837U,2/23/1977,Commercial
555,Megan,E.,Kane,WM306511C,12/25/1991,Litigation
556,Ingrid,K.,Kane,OP251370K,5/24/1975,Litigation
557,Karren,K.,Kaliyath,BS451968E,1/10/1978,Customer Relations
558,Ovidiu,,Kaliyath,RZ016475K,10/22/1974,Customer Relations
559,Dana,H.,Kahn,PC108633Y,7/13/1969,Litigation
560,Timothy,B.,Kahn,XC161712Q,10/16/1966,Commercial
561,Stephen,R.,Kaffer,LE487579U,7/15/1992,Litigation
562,Deanna,R.,Justice,EQ392829V,12/13/1973,Litigation
563,Jared,L.,Jordan,JA252357X,11/2/1992,Litigation
564,Richard,A.,Jones,LA615702D,2/2/1981,HR
565,David,J.,Jones,CF417563W,7/15/1984,Commercial
566,Ryan,,Johnston,FZ916853O,7/8/1966,Customer Relations
567,Sylvia,A.,Johnston,LH371689Z,1/2/1966,Customer Relations
568,Mari,B.,Johnson,VV699367E,12/11/1983,Customer Relations
569,Barbara,J.,Johnson,CF889249Y,2/7/1966,Litigation
570,Lindsey,R.,Johnson,WP605461G,9/11/1978,Commercial
571,Gustavo,,Johnson,XT024131Z,7/1/1980,HR
572,DeeDee,J.,Johnson,MV474524Z,3/29/1987,HR
573,Deborah,M.,Johnson,YL329117L,11/2/1987,HR
574,Joan,M.,Johnson,EK611740S,8/6/1992,Litigation
575,David,,Johnson,ZK151231X,10/19/1992,Commercial
576,Henry,L.,Johnson,LQ578571J,4/9/1990,Commercial
577,Chris,,Johnson,XR725471G,9/11/1980,Litigation
578,Joseph,J.,Johns,MX829968C,7/10/1994,HR
579,Suzana De Abreu,A.,Jiang,TX777323W,2/29/1984,Litigation
580,Jun,,Jiang,QL777992T,1/8/1984,Customer Relations
581,Johnny,A.,Jiang,TL743764O,12/5/1985,Litigation
582,Richard,,Jarvis,NJ128490N,12/14/1966,Customer Relations
583,Carlton,M.,Jamison,AC938055B,12/29/1992,Commercial
584,Ty Loren,,Jaffe,YN491912B,10/7/1991,Commercial
585,Jane,N.,Jacobson,UY070115F,4/15/1992,HR
586,Jovita,A.,Jacobson,WA121602B,8/26/1974,Litigation
587,Steve,J.,Jacobsen,JF403408F,7/7/1974,Commercial
588,Fernando,,Jacobs,PX563426D,1/17/1970,HR
589,Rob,,Iyer,KJ087450Y,3/20/1969,Litigation
590,Andy,,Ito,VT271070C,7/12/1974,Commercial
591,Donna,F.,Ison,EY553255F,6/21/1976,Customer Relations
592,Rosmarie,J.,Ismert,OB673624K,2/22/1971,Litigation
593,Matthew,,Irwin,DI686878L,4/6/1981,Customer Relations
594,Joseph,N.,Ingle,HV002198T,10/2/1968,Customer Relations
595,Pamela,A.,Inghram,CW864326K,4/22/1990,Litigation
596,Raul,E.,Ihrig,RZ544149C,10/19/1966,Litigation
597,Elizabeth,E.,Iallo,PN117857T,10/13/1986,Litigation
598,Matthew,J.,Hurkett,OV086426F,5/30/1992,Commercial
599,Brigid,F.,Huntsman,RI866307I,2/25/1989,Litigation
600,Andrew,,Hunter,WK985510Q,9/14/1981,HR
601,Stacey,M.,Hunter,RX914931E,8/27/1967,Customer Relations
602,Baris,,Huff,LU740749Y,2/15/1986,Customer Relations
603,Sean,,Huff,QA207143W,4/26/1983,Customer Relations
604,Pat,A.,Huckaby,GF229088Y,9/19/1992,HR
605,Forrest,J.,Hows,IZ240172C,2/28/1988,HR
606,Lee,J.,Howard,HC174483A,5/2/1984,Commercial
607,Greg,,Howard,IA897529V,7/2/1985,Customer Relations
608,Neil,,Houston,FL102693Q,8/12/1972,HR
609,Hao,,Homer,VW129099U,8/30/1977,Litigation
610,John,Y.,Holt,QA172927S,7/25/1983,Customer Relations
611,Pei,,Holmes,SG644841T,6/22/1993,Litigation
612,Yao-Qiang,,Holman,JW213296H,1/11/1980,HR
613,Nicky,E.,Holm,DE118624E,11/30/1967,Commercial
614,Susan,B.,Holloway,ZH524194H,10/8/1967,Customer Relations
615,Martin,,Holliday,ZW697454N,6/30/1990,Litigation
616,Mike,M.,Hohman,FY583987E,12/2/1971,Litigation
617,Ruth,A.,Hoffman,DH851307V,11/14/1992,HR
618,Anthony,,Hoeing,GB822652U,3/31/1973,HR
619,Charles,M.,Hodgson,TN683620P,1/6/1974,Customer Relations
620,Jill,J.,Hodges,OC264842N,3/16/1990,HR
621,Alice,,Hite,KT845234E,1/30/1966,Commercial
622,Gina,N.,Hite,WY517009B,10/30/1974,Litigation
623,James,J.,Hirsch,MB355877H,12/29/1967,Litigation
624,Jane,,Hirota,OT622507B,11/29/1992,Customer Relations
625,Kristine,J.,Hink,IL696085J,10/8/1969,HR
626,Teanna,M.,Hines,YG014778W,1/3/1979,Customer Relations
627,Connie,L.,Hines,PM594906R,7/7/1980,Customer Relations
628,Jeanette,R.,Hillmann,WJ593106B,9/9/1974,Litigation
629,Eric,E.,Hillmann,FM344260A,6/5/1993,Litigation
630,Pat,,Hill,KQ599829U,4/8/1981,Litigation
631,Takiko,J.,Hill,EW578711O,9/16/1976,HR
632,John,L.,Hill,LJ876399N,5/15/1993,Litigation
633,Scott,A.,Hill,KP035389Y,8/6/1972,Litigation
634,Aaron,,Hill,AX264022E,12/29/1966,Litigation
635,Peter,,Highfill,LY445141K,11/26/1981,HR
636,William,J.,Higgs,BP189988N,7/1/1971,Customer Relations
637,Stephanie,,Higa,RF491421F,5/21/1969,Litigation
638,Amy,R.,Higa,QH300280R,5/7/1972,Litigation
639,Dorothy,J.,Heymsfield,CT240631V,1/17/1977,HR
640,Patrick,M.,Hesse,XS085472E,1/30/1971,Customer Relations
641,Scott,,Herring,JU269811D,10/27/1974,HR
642,Eva,,Herrick,PI851405G,10/13/1978,HR
643,Marlin,M.,Hernandez,AP170744F,7/24/1966,Litigation
644,Ryan,,Hernandez,XZ263283D,8/16/1992,Litigation
645,Bruno,,Herman,VV503800G,10/19/1969,Commercial
646,Pamela,R.,Hensien,MI562316E,6/15/1974,Litigation
647,Jack,,Henshaw,SL542674H,4/11/1968,Litigation
648,Sharon,A.,Henningsen,DK121584U,10/23/1972,Commercial
649,Shelley,R.,Hendricks,CW388579P,9/19/1976,Litigation
650,Grant,,Hendergart,IA689247O,1/29/1978,Commercial
651,Scott,,Heidepriem,MV639130Y,8/31/1979,Commercial
652,Conor,,Hee,HP681012V,1/10/1982,HR
653,Jose,M.,Hedlund,IO503752T,10/5/1977,Customer Relations
654,Thierry,,Heaney,MH561160T,5/21/1973,HR
655,Ryan,,Hay,EH684514A,3/17/1988,Customer Relations
656,Mike,,Hay,TW259352C,4/17/1973,Litigation
657,Megan,N.,Haugh,VY857662Y,12/29/1965,Litigation
658,Alvaro,,Hasty,IY492630N,8/5/1976,Litigation
659,Jose,,Hassall,GN688557X,8/9/1970,Customer Relations
660,Jacob,N.,Hass,US193507U,2/8/1987,Litigation
661,Alexander,J.,Harui,BI402656L,9/19/1993,Customer Relations
662,Barbara,S.,Hartwig,RI012627J,4/25/1993,Customer Relations
663,Kirk,,Hartwig,KH483172D,7/1/1978,Commercial
664,Aidan,,Harrison,ZJ090566M,2/18/1973,Commercial
665,Stefan,,Harris,NY252970P,7/3/1994,Commercial
666,Shawn,R.,Harrington,YG668183X,12/12/1980,Customer Relations
667,Della,F.,Harrington,TD792480U,1/16/1983,Customer Relations
668,Bruno,,Harrington,BK258081K,5/15/1974,Commercial
669,Helen,J.,Harnpadoungsataya,QM194743Q,10/14/1971,HR
670,Prashanth,,Harding,GY149781E,6/2/1974,Commercial
671,Bev,L.,Hapke,XF019295U,7/26/1968,Customer Relations
672,Brenda,,Hanson,DY841220Z,6/15/1978,Litigation
673,Gabriele,,Hanson,KY970091R,8/3/1973,Commercial
674,Holly,,Hanif,CE405743P,6/5/1989,Litigation
675,Dick,,Handley,HH125870C,7/22/1980,HR
676,Rudolph,J.,Hamilton,BF567627E,8/3/1987,Commercial
677,Andrew,,Hamilton,DD036214A,5/26/1979,HR
678,Blaine,,Hamilton,KY252179O,11/3/1983,Commercial
679,Cindy,M.,Hamilton,RG006107O,7/3/1994,Customer Relations
680,John,T.,Hall,SG525974X,2/14/1980,Commercial
681,Patricia,,Hall,GZ048143O,5/18/1994,HR
682,Gerald,M.,Hall,QU819356G,6/21/1982,HR
683,Gary,T.,Haines,AL306762R,6/14/1969,HR
684,Reuben,,Hagens,DH370942T,5/25/1982,Customer Relations
685,Ed,,Hagens,SH013704M,1/2/1987,Commercial
686,Bernard,,Hagemann,QX209914Z,2/6/1977,Litigation
687,Tish,R.,Haemon,CD758309U,4/12/1993,Commercial
688,Adrian,,Gustafson,IJ844647T,12/13/1974,Litigation
689,Bart,,Gubbels,JZ414776N,5/29/1994,Commercial
690,Maciej,,Groth,AQ146461K,6/1/1976,Commercial
691,Shelley,,Groncki,GU824805X,7/19/1987,Litigation
692,Linda,R.,Grisso,TG273628J,6/28/1973,Customer Relations
693,Carla,L.,Greer,XZ987512W,12/21/1967,Customer Relations
694,Carol,B.,Grande,WJ540831L,6/11/1977,Customer Relations
695,Shannon,P.,Graham,MM772932U,6/13/1987,HR
696,Jauna,E.,Graham,WG748598Z,12/30/1971,HR
697,Michael,,Graff,YZ431440Z,12/4/1981,Litigation
698,Terry,,Gonzalez,JN406758E,11/14/1966,Customer Relations
699,John,,Gonzales,AA833748R,5/20/1985,Commercial
700,Gail,,Gonzales,VF182287A,5/9/1974,HR
701,Mark,B,Goldstein,QK299167S,4/10/1992,Litigation
702,Martha,R.,Goldstein,XX540564C,4/18/1991,Commercial
703,Julie,P.,Goldberg,RL163975D,7/29/1968,Litigation
704,Janeth,,Goldberg,CU668147P,4/20/1980,Commercial
705,Twanna,R.,Goktepe,CS788122J,10/12/1990,HR
706,Ann,R.,Gode,KU592200P,1/10/1971,HR
707,John,,Gode,SL622457Z,8/24/1974,HR
708,Marc,,Glynn,AR257291O,7/24/1969,HR
709,Fadi,,Glimp,DB452026E,1/26/1974,Litigation
710,Carolyn,,Glimp,JK337641J,1/29/1975,HR
711,Geri,P.,Glenn,IA149148M,6/15/1985,Customer Relations
712,Hanying,,Givens,WG082258C,5/16/1991,Customer Relations
713,Rhoda,J.,Gimmi,IY260396N,2/18/1991,Commercial
714,Duane,R.,Gilliat,KV574628S,11/8/1992,Commercial
715,James,,Gilbert,VJ547309I,8/20/1972,Litigation
716,Kathie,,Gilbert,WV106253G,12/7/1969,Commercial
717,Jay,,Giglio,US416151K,3/17/1993,Commercial
718,Kelly,,Gibson,HK781703X,8/28/1983,HR
719,Jeffrey,L.,Gibbens,WZ463145V,5/25/1968,Commercial
720,Garth,,Giakoumakis,WU747890E,1/8/1984,HR
721,Dorothy,J.,Getzinger,XJ895697M,9/16/1981,Litigation
722,Judith,B.,German,SI528659K,2/2/1992,HR
723,John,,Geist,YJ675358P,11/4/1992,HR
724,Susan,E.,Gehring,JR726434R,5/7/1984,Commercial
725,Liam,J.,Gee,FF081207K,3/19/1974,HR
726,Mihail,,Gates,PF737544O,11/24/1974,Commercial
727,John,,Gash,OV638262S,5/9/1966,Commercial
728,Paul,J.,Garza,SZ754209J,5/6/1977,Litigation
729,Don,,Ganio,MI726920G,2/14/1971,Customer Relations
730,Bob,,Galvin,TN364655O,7/22/1989,Litigation
731,Aldeen,J.,Galos,JV725295D,1/27/1976,Litigation
732,Michael,,Gallagher,YE614287Z,1/8/1987,Litigation
733,Jon,,Gage,CF939556G,6/18/1986,Commercial
734,Kathleen,M.,Funk,QR344003V,4/11/1977,HR
735,Dominic,P.,Fulton,SF775464X,10/7/1974,HR
736,Janet,M.,Frum,QT196381N,4/11/1979,Commercial
737,Orlando,N.,Frintu,IT904175J,11/13/1982,Customer Relations
738,Darren,,Frintu,ND599995A,3/10/1971,Commercial
739,Jim,,Friedland,MG326574F,9/27/1976,Commercial
740,Barbara,J.,French,SV051624C,2/14/1968,HR
741,Tom,,Fredericksen,ZZ813303G,11/30/1980,Customer Relations
742,Leo,,Frazier,PD267938O,9/9/1967,Customer Relations
743,Cornett,L.,Fox,AG747409T,4/5/1992,HR
744,Frances,J.,Fort,DX682047O,4/21/1990,Litigation
745,Guy,,Ford,TS827006Z,7/27/1974,Litigation
746,Janet,J.,Ford,HE272192L,8/2/1981,Commercial
747,Mary,M.,Ford,DN884864W,10/2/1977,HR
748,David,L.,Focht,TU219556T,1/13/1987,Customer Relations
749,Jeanie,R.,Fluegel,WP939554Y,12/17/1981,Customer Relations
750,Diane,R.,Flood,VU098169G,6/3/1978,Commercial
751,James,R.,Flood,QT413074J,8/19/1977,Litigation
752,Scott,,Fitzgerald,IC504710C,7/5/1973,HR
753,Mete,,Fitzgerald,XD279958U,1/11/1990,Customer Relations
754,Jossef,,Finley,LG727583I,7/22/1973,Customer Relations
755,Brian,R,Fine,US093407P,9/7/1977,Commercial
756,Lynn,A.,Ferrier,VT848514E,12/30/1974,Litigation
757,Linda,L.,Feng,CI440668T,4/11/1976,Litigation
758,Abigail,J.,Feng,FH310552W,1/15/1987,HR
759,Michael,,Fatima,GP204084U,6/5/1987,Customer Relations
760,Derek,,Farrell,MV285960F,10/30/1980,Commercial
761,Lowell,J.,Farino,UU522030J,10/10/1991,Commercial
762,Jon,,Fakhouri,XC994605V,9/17/1978,Commercial
763,Jane,P.,Fakhouri,UA402577A,10/10/1983,Commercial
764,Geoff,,Faeber,BM157898D,4/8/1988,HR
765,Douglas,,Evans,DB283160J,10/4/1988,HR
766,Brian,,Evans,ZW611619Q,4/10/1975,HR
767,Faith,M.,Evans,UA294101W,1/8/1979,HR
768,Greg,,Evans,XU739097O,1/20/1981,Customer Relations
769,Hattie,J.,Esteves,OV393088M,6/29/1990,Commercial
770,Matthew,M.,Esteves,ER172766A,5/3/1970,Commercial
771,Erin,M.,Estes,IV934625E,3/15/1979,Litigation
772,Betty,M.,Espinoza,IJ126197L,12/1/1984,Commercial
773,Karen,E.,Ersan,EN752377H,11/25/1990,Commercial
774,Don,,Erickson,LV835586E,7/7/1985,HR
775,Bryan,,Erickson,OJ177942C,1/7/1992,Litigation
776,Don,,Erickson,XC634203J,1/16/1993,HR
777,Kerim,,Entin,NW408413E,5/19/1969,Commercial
778,Jean,P.,Emory,AL643805J,10/12/1980,Litigation
779,Mark,,Eminhizer,HC704421O,4/22/1969,Commercial
780,William,J.,Eminhizer,QA731017I,2/16/1967,Customer Relations
781,Katherine,,Emanuel,KF569499C,3/28/1984,Litigation
782,Kimberly,Beth,Elson,OA105247U,4/16/1987,HR
783,Lucy,,Elliott,PA987217W,3/22/1974,Customer Relations
784,Keith,,Elliott,LD567477N,12/28/1993,Litigation
785,Doris,,Ellerbrock,HV650086J,3/3/1971,HR
786,Roger,,Eldridge,OU373033T,2/5/1968,HR
787,Ann,T.,Ecoffey,MU420459R,9/16/1993,Commercial
788,Mark,,Eaton,VA042515R,3/24/1966,Litigation
789,Neal,B.,Earls,PI842310Y,8/1/1984,Customer Relations
790,James,B.,Dyck,QF079047K,9/23/1972,Commercial
791,Jeff,,Dyck,HW167821E,3/27/1990,Commercial
792,Brenda,F.,Dusza,SW022460F,3/14/1972,Commercial
793,James,,Dusza,ZD897769M,2/14/1988,Customer Relations
794,John,,Duncan,TU624640F,8/22/1991,Customer Relations
795,Valerie,M.,Dumitrascu,XJ313358I,6/23/1991,HR
796,Jay,,Duffy,FD920418S,12/31/1992,Litigation
797,Jeff,D.,Duff,QR696649G,4/30/1983,Customer Relations
798,Kari,,Duerr,VT607622V,7/8/1974,HR
799,Deena,J.,Dudenhoefer,QG464761T,10/24/1971,Commercial
800,Irene,J.,Dudenhoefer,VG660898R,2/15/1975,Commercial
801,Jésus,,D'sa,GE636776R,6/22/1975,Commercial
802,Pam,L.,D'sa,NM463907T,1/21/1992,Customer Relations
803,Cheryl,M.,Drury,MO267094S,10/17/1993,HR
804,Ronald,K.,Drury,QK863856F,11/15/1976,Customer Relations
805,Sidney,,Doyle,PK107417E,6/26/1984,HR
806,Onetha,F.,Donovan,SK857008S,8/15/1966,Litigation
807,Fran,P.,Dodd,ZP441737S,10/11/1981,Customer Relations
808,Geneva,T.,Dockter,CP295308W,10/8/1983,Litigation
809,Andrew,R.,Dobney,PX132071H,7/10/1985,Customer Relations
810,Reinout,,Dixon,AF883891Z,2/9/1973,HR
811,Mike,,Dillon,AH056846E,5/5/1992,Customer Relations
812,Matthew,,Dievendorff,XO852393Z,9/30/1988,Customer Relations
813,Nancy,E.,Dickson,QV261521Q,5/18/1983,Customer Relations
814,Rose,,Dickmann,JI803616O,12/9/1984,HR
815,Douglas,,Diaz,GR924927H,1/3/1974,Customer Relations
816,David,,Diaz,VS812776K,11/10/1990,Litigation
817,Helge,,D'Hers,FG967295C,4/24/1985,HR
818,Barbara,,D'Hers,OB147684T,6/18/1988,Customer Relations
819,Holly,J.,Desalvo,QC400760S,4/25/1974,Litigation
820,Bob,,Desai,RU165887K,7/26/1979,Litigation
821,Jean,J.,Dennis,ID270070F,10/18/1974,Customer Relations
822,Michael,,Deniut,BT310076F,11/10/1992,Customer Relations
823,Eddie,M.,Dempsey,QX885794Y,12/7/1979,Commercial
824,Juanita,J.,Demott Jr,OM176425H,2/5/1991,Litigation
825,Peter,,Demicell,RA578588S,4/16/1980,Commercial
826,Curtis,P.,Delmarco,ST231894Y,2/14/1974,Litigation
827,Joe,,Delaney,DD940573U,1/20/1990,HR
828,Janice,K.,DeGrasse,ZM606086H,8/11/1972,HR
829,George,M.,Decker,KN792294L,1/7/1978,Commercial
830,Joshua,J.,Decker,MA961030N,7/8/1969,Customer Relations
831,Arlene,,Deborde,JW962592E,12/24/1972,HR
832,Matthew,M.,Dean,OY251619A,2/24/1988,HR
833,Phyllis,R.,De Oliveira,IU768309U,3/15/1987,Customer Relations
834,Lawrence,E.,De Matos Miranda Filho,QB672786U,9/9/1975,HR
835,Ryan,,Davis,QN108240G,6/11/1993,Commercial
836,Beth,,Danseglio,RW260905E,1/10/1983,Customer Relations
837,Lucio,,Danner,TF710266W,1/3/1980,Customer Relations
838,Richard,L.,Curry,LR147079K,8/19/1979,Commercial
839,Erik,,Cunningham,HE881890D,11/28/1981,Litigation
840,Denean,J.,Culp,YF592882G,7/4/1977,HR
841,Raman,,Culbertson,TJ079508I,11/24/1971,Customer Relations
842,Bronson,R.,Culbertson,SN968515L,12/14/1977,HR
843,Eric,A.,Crow,RN183112Y,9/4/1984,HR
844,Jodan,M.,Crow,UQ278712Z,5/16/1991,Customer Relations
845,Mary,,Creasey,AS973830Z,3/21/1985,Customer Relations
846,David,,Creasey,CP697863C,8/26/1993,HR
847,Jay,,Cracium,IF137654U,10/1/1973,Customer Relations
848,Vance,P.,Cox,TD130798K,8/23/1971,HR
849,Joyce,,Costa Da Silva,PV241348Q,8/5/1983,Commercial
850,George,,Cornelsen,WS647372I,8/8/1981,Customer Relations
851,Stephen,Yuan,Cornelsen,EQ722502Z,5/6/1985,HR
852,Samuel,A.,Coriell,KL876658O,5/26/1974,HR
853,Danielle,B.,Corets,IV241652T,4/17/1970,Litigation
854,Greg,M.,Cooper,EQ617181T,7/15/1975,Customer Relations
855,Barry,,Cook,AU072989A,12/27/1976,Customer Relations
856,Brian,,Cook,WJ868125C,2/12/1992,Commercial
857,David,,Contreras,HH700036U,5/29/1993,HR
858,Willis,,Consentino,GY479775W,7/4/1967,Customer Relations
859,Tamara,,Conroy,BK153236A,11/24/1979,Commercial
860,Robert,E.,Conroy,AO471391Z,4/4/1970,Litigation
861,Brannon,,Conner,ZG915325K,9/7/1981,HR
862,Jean,,Connelly,EW066319T,8/1/1966,Commercial
863,Peggy,J.,Connelly,DC131618N,7/22/1967,Commercial
864,Diane,F.,Con,YG464624A,5/4/1992,Litigation
865,Scott,B.,Colvin,SM585965O,9/24/1991,Customer Relations
866,Sandra,T.,Colon,EB816297J,2/1/1975,Customer Relations
867,Wendy,,Collins,ZB394445M,8/12/1970,Customer Relations
868,Sandeep,,Coleman,QH462666U,8/18/1992,HR
869,John,,Coleman,ZA763060Q,8/3/1992,Litigation
870,Lori,,Coleman,WV514671T,10/31/1979,HR
871,Judith,F.,Cole,GY642348L,12/26/1986,Litigation
872,Kay,E.,Coffman,YN390703I,8/9/1988,Commercial
873,Sandeep,,Cobb,AE366448V,1/21/1971,Litigation
874,Bonnie,,Cleary,TC239245B,4/10/1980,Litigation
875,Kendall,,Clayton,ZP467562G,2/9/1966,Litigation
876,Victor,A.,Clark,ZV159679L,3/26/1982,HR
877,John,,Clark,LE284192U,8/29/1989,Litigation
878,Robert,,Clark,JQ246554F,2/26/1979,HR
879,Kevin,,Ciccu,FZ500259R,11/19/1971,Commercial
880,Mary,R.,Christie,YO711682N,5/19/1975,Commercial
881,Alice,L.,Christensen,KA087673Z,11/26/1975,Litigation
882,Elizabeth,,Chow,VN075250D,11/11/1970,Customer Relations
883,Tammy,J.,Chor,OJ528314B,9/12/1978,Commercial
884,Imtiaz,,Choin,SZ958219L,10/5/1991,Commercial
885,Karan,,Choi,XI843309D,3/4/1975,Commercial
886,Joe,,Chisholm,CV603711O,3/9/1975,Commercial
887,Jim,,Chestnut,OC723373Y,1/3/1993,Customer Relations
888,Shane,S.,Chesnut,LC165375G,11/20/1967,HR
889,Tim,,Cheng,QW676116V,4/15/1977,Litigation
890,Russell,,Chen,AV716605I,10/24/1977,HR
891,Anton,,Chen,YX933030H,11/12/1977,HR
892,Christian,,Chen,BZ699517F,4/29/1988,Litigation
893,Andrew,P.,Chen,YF224537K,12/25/1987,HR
894,Reed,,Charney,WQ393818A,12/13/1982,Customer Relations
895,Jim,,Charncherngkha,YT351773H,5/30/1969,Customer Relations
896,Kirk,T,Chapman,BI308194L,1/16/1988,Commercial
897,Eugene,,Chapla,YG808237X,1/30/1975,HR
898,Scott,,Chandler,QW454354Z,9/23/1986,Commercial
899,Joy,R.,Chambers,UM221744Y,9/20/1968,HR
900,Pamala,M.,Chai,AR050390J,2/7/1990,Commercial
901,Edward,J.,Chai,BW775434Q,2/18/1973,Customer Relations
902,James,D.,Cetinok,QH998825L,9/20/1966,HR
903,Mitch,,Cetinok,VD775145L,10/3/1992,Customer Relations
904,James,J.,Cereghino,FJ020441X,6/30/1988,Customer Relations
905,Margaret,T.,Cencini,SM490010W,11/18/1983,Litigation
906,Deepak,,Cencini,RW455815E,12/14/1965,Commercial
907,Jeffrey,B.,Cavendish,OG941131U,9/24/1970,HR
908,Vamsi,,Cavallari,JP278340W,5/1/1982,Commercial
909,Jeffrey,,Catalano,CK142853F,6/7/1989,Litigation
910,Peter,,Casts,YF067253N,1/22/1992,Commercial
911,Eric,,Castellucio,DA207567S,4/9/1994,Commercial
912,Rebecca,,Carson,VW599386P,7/22/1969,Litigation
913,Cecilia,M.,Carroll,MW048934K,6/14/1989,Customer Relations
914,David,O,Carroll,MU061860Q,4/25/1979,Customer Relations
915,Elsa,,Carreras,MF217443B,1/6/1980,Litigation
916,Michael,J.,Carothers,NB499947F,11/29/1986,HR
917,Marjorie,M.,Caron,SV123434B,12/24/1971,Customer Relations
918,Frank,,Caron,HS667198K,9/10/1988,Customer Relations
919,Mark,,Caro,AZ318268I,2/19/1988,HR
920,Robertson,,Carnes,MT158955Q,5/29/1989,Customer Relations
921,Jolie,,Carmody,VD719378A,3/17/1968,Commercial
922,Roger,,Carmichael,LR110735Z,1/7/1970,Commercial
923,A.,Francesca,Carlson,KS466540C,9/13/1990,Customer Relations
924,Bonnie,B.,Carlson,YX582018G,4/19/1971,Commercial
925,Gloria,J.,Carlisle,LE745416N,4/4/1974,Litigation
926,Linda,,Carey,LB169859E,3/30/1974,HR
927,Steven,B.,Caprio,TG779475J,4/15/1981,HR
928,Judy,,Cao,MV411313S,10/27/1990,Litigation
929,Elsie,L.,Cao,UJ230454C,6/7/1983,Commercial
930,George,Z.,Canuto,II777389A,12/15/1981,Litigation
931,Yale,,Cantoni,YE503203Y,3/30/1969,HR
932,Yan,,Cannon,AH799653V,9/12/1972,HR
933,Yuhong,,Campen,SV347577I,1/20/1969,Commercial
934,Joseph,M.,Campbell,QU726721Q,3/8/1970,HR
935,Paulo,H.,Campbell,PA371573I,10/28/1974,Customer Relations
936,David,J.,Campbell,SM872846I,4/4/1969,Litigation
937,Jinghao,,Campbell,YI602735E,5/8/1994,Customer Relations
938,Kevin,,Campbell,XZ878694C,11/16/1972,HR
939,Run,,Cameron,EX748786I,7/2/1966,Customer Relations
940,Todd,R.,Camargo,YD782194K,4/3/1993,Commercial
941,Kok-Ho,,Camacho,TL978522M,12/19/1991,Customer Relations
942,John,K.,Calone,YW258108X,5/21/1985,HR
943,Sharon,J.,Caldwell,FG936395O,7/22/1986,Customer Relations
944,Jeremy,,Caldwell,YH105406B,10/29/1988,HR
945,Spencer,,Calafato,QB074891Q,12/23/1977,Litigation
946,Anita,R.,Byrnes,XV463856D,11/29/1992,Commercial
947,Jose,,Byham,VT393127D,7/11/1969,Customer Relations
948,Richard,,Bustamante,KB876825P,7/4/1985,Commercial
949,Judy,R.,Buskirk,OO112529Q,7/7/1986,Commercial
950,Sean,J.,Burton,EL888376E,1/24/1994,Commercial
951,Helen,R.,Burnett,GM125716K,11/29/1989,Customer Relations
952,Robert,P.,Burnett,NW308524U,3/17/1972,Litigation
953,Sharon,F.,Burnell,JD770831T,2/13/1968,Commercial
954,Robert,,Burlacu,QG068426C,10/17/1988,HR
955,Jenny,,Burkhardt,XU949242O,5/29/1971,HR
956,Denise,R.,Burkhardt,YD003524O,6/21/1978,Customer Relations
957,Scott,,Burke,KZ044592Y,7/9/1976,Litigation
958,Walter,J.,Buensalido,EW421188S,7/17/1985,Litigation
959,Patrick,J.,Bueno,AU800061X,3/3/1989,Litigation
960,Kimberly,N.,Bueno,UZ911219S,10/26/1987,Customer Relations
961,Ajay,,Buchanan,BM079130V,6/12/1989,Customer Relations
962,Parul,,Bruno,IR776945K,8/6/1980,Customer Relations
963,Tomas,M.,Brunner,JI075963X,11/28/1974,Commercial
964,Kathy,R.,Bruner,MG991424O,6/17/1988,Commercial
965,Jill,K.,Brundage,MO547579S,9/21/1980,Litigation
966,Melissa,R.,Brummer,DG391727G,7/25/1968,Litigation
967,Cecelia,L.,Brumfield,WA557970Y,1/11/1979,Litigation
968,Benjamin,,Browqett,HM126840Q,1/28/1993,HR
969,Linda,,Browning,HV453793K,10/11/1971,Commercial
970,Mindy,,Browning,BD222316Z,6/10/1994,Customer Relations
971,Sandra,I.,Browne,GQ227773R,10/31/1988,Commercial
972,Frank,,Brown,NN752087E,4/3/1971,HR
973,Steve,,Brown,YM172040E,6/19/1969,Commercial
974,Joseph,,Brown,YS607845V,8/31/1970,Litigation
975,Jennifer,J.,Brown,IC544324S,11/22/1968,Commercial
976,Chris,,Brown,OH339313S,6/7/1974,Customer Relations
977,Sandra,B.,Brown,TU738167O,10/1/1970,HR
978,John,J.,Brown,CF249928M,9/13/1989,Litigation
979,Robin,M.,Brooks,AP122588R,8/17/1983,Customer Relations
980,Stacie,K.,Brooks,UB475826Q,9/2/1987,Customer Relations
981,Katie,,Brink,WA301313C,6/3/1985,Litigation
982,Lola,M.,Brink,EZ107317R,10/6/1971,HR
983,Jane,A.,Bright,PG490504N,11/7/1966,Litigation
984,Nikki,,Brian,IF028326Z,11/16/1974,Customer Relations
985,James,L.,Brewer,QS559923R,8/4/1975,HR
986,Christinia,A.,Brewer,EP938628X,8/24/1983,Commercial
987,Alejandro,,Bremer,QC412012P,12/24/1979,HR
988,Yvonne,,Breer,TG180516L,6/26/1968,Customer Relations
989,Nkenge,,Bready,IA188592F,12/10/1971,HR
990,Nancy,A.,Brandon,AU510858T,12/17/1977,Litigation
991,Nellie,T.,Bradley,FX161367S,2/26/1982,HR
992,Raquel,,Bradley,DE929624V,9/28/1972,Litigation
993,Gladys,F.,Bowman,SB157143Y,2/14/1977,HR
994,R. Morgan,L.,Bowen,YY137239A,8/9/1993,Commercial
995,Tosh,,Bourne,WC016246X,6/30/1991,Commercial
996,Susan,,Boseman,PB924666S,9/15/1984,HR
997,Stephen,A.,Booth,PX993675K,7/26/1993,Commercial
998,Eric,B.,Bonifaz,KI391667Z,7/16/1990,Commercial
999,Helen,M.,Bolender,UY903763O,8/3/1973,Commercial
1000,Deanna,,Bohling,QB367071H,3/23/1978,Litigation
1001,Gary,P.,Bockenkamp,CK928164Y,3/9/1978,Litigation
1002,Ramesh,,Blythe,QA455919L,6/17/1994,HR
1003,Thomas,R.,Blythe,ND934000F,10/20/1982,Customer Relations
1004,Jan,,Blanton,FY365586H,10/21/1992,Customer Relations
1005,Virginia,L.,Blanco,OW682928Y,2/22/1984,Litigation
1006,Matthew,J.,Blackwell,LG650715Z,1/6/1972,Litigation
1007,Emilo,R.,Black,AF884535H,10/10/1987,HR
1008,Ben,,Bishop,BQ521665A,11/10/1980,Commercial
1009,Dylan,,Bischoff,KM957324G,11/6/1966,Customer Relations
1010,Frank,,Bischoff,CT316585X,11/27/1969,Customer Relations
1011,Neva,M.,Billstrom,UJ832789I,9/6/1969,Litigation
1012,Linda,,Bidelman,TK716864B,8/11/1992,HR
1013,Scott,,Berry,UV687533Z,10/15/1986,HR
1014,Robert,,Berry,YW440559T,9/20/1966,Commercial
1015,Joseph,P.,Berndt,DM815425V,7/26/1975,Customer Relations
1016,Paula,B.,Berndt,JG092414O,9/30/1972,Customer Relations
1017,Suchitra,,Bernacchi,YR540316X,10/4/1969,Litigation
1018,Jonathan,,Berglund,FH273109T,11/18/1975,Customer Relations
1019,William,J.,Berglund,KD959953X,5/29/1991,HR
1020,Alan,L.,Bergin,JX396245M,11/2/1993,HR
1021,Hillaine,N.,Berger,IE786432M,12/7/1984,Litigation
1022,Bobby,,Berger,RL115906W,7/10/1969,Commercial
1023,Barbara,,Berge,ZB560407R,2/17/1969,HR
1024,Jon,,Berge,OO123515G,5/19/1967,Commercial
1025,Julia,,Berg,IJ440027U,7/2/1984,Customer Relations
1026,Marie,E.,Berch,TR929916M,5/2/1973,Customer Relations
1027,Zheng,,Bentley,LF939635O,10/29/1985,Litigation
1028,Salman,,Bent,YD888757U,10/13/1983,Commercial
1029,Albert,,Benson,PX988631L,6/13/1968,HR
1030,Stuart,,Benson,NS007806W,2/9/1986,Customer Relations
1031,Billie Jo,,Benson,VX853672B,1/13/1982,HR
1032,Dorothy,J.,Benshoof,IN745888F,1/21/1987,Customer Relations
1033,Ken,,Ben-Sachar,NR552057J,3/23/1969,Commercial
1034,Suzanne,,Bennetts,IT181976B,4/8/1966,Litigation
1035,Mandar,,Bendixen,HD169220F,12/14/1992,HR
1036,Greg,F.,Belli,AX471626O,3/31/1983,Commercial
1037,Mike,,Beebe,QA982132T,11/30/1988,Commercial
1038,Lorraine,,Becker,SW617927K,10/8/1990,HR
1039,Alex,,Beck,EB385578Q,8/20/1966,Litigation
1040,Jan,R.,Beck,ZX176391Q,3/22/1984,Litigation
1041,Amir,T.,Beaver,QX782294X,12/30/1992,Customer Relations
1042,Donals,E.,Beasley,KQ297889G,5/1/1966,Customer Relations
1043,Toby,,Beanston,YD472651N,2/18/1988,Customer Relations
1044,Laura,,Bauer,JB608562P,8/29/1979,Commercial
1045,Fred,,Bates,TQ811992B,8/30/1978,Litigation
1046,Michael,J,Barzdukas,XF494122M,12/11/1984,Litigation
1047,Tim,,Bartness,SQ335114J,1/13/1969,Commercial
1048,Tina,Slone,Barreto de Mattos,EH037148X,7/22/1968,Customer Relations
1049,Robert,,Barrera,LF670811Z,11/16/1983,Commercial
1050,Nino,E.,Barr,ID009059U,6/14/1986,Commercial
1051,Lee,M.,Barnhill,EN529099A,7/27/1979,HR
1052,Tad,,Barlow,NV333995D,4/18/1993,HR
1053,Gloria,B.,Barley,IN785673Y,10/30/1987,HR
1054,Fred,A.,Barker,QJ541064Y,12/12/1993,HR
1055,John,E.,Barber,XM005747X,11/18/1972,Commercial
1056,David,J.,Barber,MR856164S,1/25/1973,Customer Relations
1057,Michiko,,Barbariol,QB323886B,7/26/1984,HR
1058,Stu,J.,Barbariol,BX212077Y,9/18/1967,Commercial
1059,Scott,,Banks,OZ014495Q,8/17/1978,Customer Relations
1060,Lori,,Banack,KB138031T,10/5/1975,HR
1061,Jyothi,,Baltazar,IU188311Q,9/20/1980,Litigation
1062,Cristian,B.,Bales,PY253930F,2/16/1975,Commercial
1063,Mosha,M.,Baldwin,SU551093V,7/23/1985,Customer Relations
1064,Rajesh,M.,Baker,LM510781H,6/9/1979,Litigation
1065,Shyamalan,,Baker,BY069854T,2/17/1967,Commercial
1066,Michael,,Bailey,LR922682H,4/20/1988,Commercial
1067,Trish,E.,Bacon,JB315305Y,1/10/1974,HR
1068,Frank,,Bacalzo,IU144350W,1/22/1970,HR
1069,Lionel,,Ayers,LO859167B,7/10/1994,HR
1070,Elizabeth,M.,Avalos,VH434584C,2/16/1994,HR
1071,John,,Ault,KS422316Y,9/3/1983,HR
1072,Jonathan,,Atkinson,WM268692A,1/15/1967,Litigation
1073,Tina,A.,Ashton,FK478323V,9/25/1986,Commercial
1074,James,,Arthur,LX119422V,10/1/1975,HR
1075,Glin,J.,Armstrong,HX045786C,9/17/1977,Litigation
1076,Sara,E.,Arifin,QE027086V,9/11/1988,Commercial
1077,Carol,,Arbelaez,YF174623W,10/29/1967,Customer Relations
1078,Patricia,B.,Arakawa,CF717405K,3/23/1981,Customer Relations
1079,Pat,R.,Appelbaum,AN937656W,11/9/1975,Commercial
1080,Paulo,Sergio Da Silva,Antrim,YW308190L,11/20/1984,Customer Relations
1081,Deborah,,Ansman-Wolfe,MC808805O,9/22/1967,Commercial
1082,Grigory,,Anderson,IX568306E,6/21/1971,Commercial
1083,Carole,,Anderson,KO226806E,8/5/1972,HR
1084,Cheryl,J.,Amland,VF225655V,2/6/1991,Litigation
1085,Alma,B.,Alvaro,WW354844K,9/6/1979,HR
1086,Ethel,J.,Alvarado,YM534804G,8/12/1989,Litigation
1087,Constance,J.,Altman,NT338850H,5/16/1968,HR
1088,Josh,,Altamirano,RT717197A,7/23/1975,HR
1089,Betty,J.,Alpuerto,QD085470T,10/25/1975,HR
1090,Fred,,Allison,WP763967A,2/20/1992,HR
1091,Jeff,,Allen,JC718250L,6/25/1975,Commercial
1092,Milton,M.,Allen,RS746341N,3/16/1969,Customer Relations
1093,Sean,,Allen,ZU324189L,8/2/1990,Commercial
1094,Monica,L.,Alexander,PI497710R,9/1/1985,Commercial
1095,Mary Lou,M.,Alexander,VR343217U,8/16/1971,HR
1096,Kim,,Alexander,RN653416P,1/21/1991,Customer Relations
1097,Susan,J.,Alexander,TA097464V,3/1/1984,Litigation
1098,Cynthia,,Alderson,LM611874B,5/27/1988,Customer Relations
1099,Arvind,B.,Alderson,XD035043E,6/27/1988,Customer Relations
1100,Simon,,Alcorn,XP672857V,5/2/1969,Commercial
1101,Michael,S,Albury,DX105649O,8/28/1977,HR
1102,Suzann,K.,Albright,FT327876E,4/5/1982,Customer Relations
1103,Michelle,B.,Alberts,EJ441791W,9/9/1973,Customer Relations
1104,Jamie,,Alberts,VK439637Y,5/5/1983,HR
1105,Russell,A.,Alan,YE931926W,11/5/1986,Commercial
1106,Celine,J.,Alameda,RF625331N,6/19/1988,Commercial
1107,Randy,,Akers,SG764946L,9/14/1991,Commercial
1108,Enoch,T,Ajenstat,DP840896W,12/4/1967,Commercial
1109,Eric,E.,Ahlering,WG703480Y,1/16/1976,Customer Relations
1110,Adam,J.,Aguilar,SU877666Y,5/18/1977,Commercial
1111,Constance,J.,Agcaoili,GR028077G,12/14/1986,Customer Relations
1112,Albert,A.,Adina,DV038114R,3/13/1972,Litigation
1113,Dave,,Adams,VE641617M,11/6/1982,Customer Relations
1114,Jack,S.,Adams,OW108675T,4/12/1979,Commercial
1115,Marie,M.,Adams,JN412219L,4/11/1970,Customer Relations
1116,William,J.,Adams,SR262314Q,3/11/1979,Litigation
1117,Thomas,M.,Ackerman,DF441537K,11/5/1974,Litigation
1118,Stacy,K.,Ackerman,MQ693253H,11/14/1973,Customer Relations
1119,Leota,J.,Achong,HU043207Z,2/3/1967,HR
1120,David,R.,Acevedo,VG745005N,7/16/1978,HR
1121,Rebecca,A.,Abolrous,ZQ745431H,6/1/1967,HR
1122,Dorothy,B.,Abercrombie,IF909796A,1/5/1973,HR
1123,Carol Ann,F.,Abercrombie,SW297897H,9/4/1975,Litigation
1124,Scott,M.,Abel,TA948174N,2/2/1994,Commercial
1125,Jim,,Abbas,IA907284N,6/2/1972,Commercial
